images,bbx,det_class,det_score
460009210_navyblue.jpg,"[96.69660887122154, 98.8840129673481, 287.6134101450443, 494.1159870326519]",dresses,0.9919081
460015445_blue.jpg,"[123.21819812059402, 75.74630057811737, 236.99010705947876, 498.24705171585083]",dresses,0.9926076
460021514_greymelange.jpg,"[119.87219685316086, 36.76467835903168, 199.03934466838837, 539.5168744325638]",dresses,0.99314123
